timestamp_utc,symbol,price,action,confidence,tech_signal,ml_prob,position_qty,equity,drawdown,traded,regime,threshold,note
2026-05-16T08:56:39.737348+00:00,BTC/USD,78382.5885,OUT,0.241076,-0.379814,0.035294,1.9e-05,101316.5,0.0,0,bear_trend,0.42,waiting_for_entry
2026-05-16T08:56:52.422297+00:00,SOL/USD,87.513,OUT,0.195349,-0.553207,0.060286,0.0,101316.5,0.0,0,bear_trend,0.46,waiting_for_entry
2026-05-16T08:57:12.685354+00:00,DOGE/USD,0.110055,OUT,0.265059,-0.584059,0.077332,5.3e-05,101316.5,0.0,0,bear_trend,0.46,waiting_for_entry
2026-05-16T09:43:38.987124+00:00,BTC/USD,78088.378,OUT,0.243156,-0.415892,0.034693,1.9e-05,101316.39,0.0,0,bear_trend,0.42,waiting_for_entry
2026-05-16T09:43:46.829840+00:00,SOL/USD,86.16805,OUT,0.193227,-0.622811,0.090509,0.0,101316.39,0.0,0,bear_trend,0.46,waiting_for_entry
2026-05-16T09:44:07.296454+00:00,DOGE/USD,0.109439,OUT,0.263976,-0.519633,0.077516,5.3e-05,101316.39,0.0,0,bear_trend,0.46,waiting_for_entry
2026-05-16T13:28:47.942269+00:00,BTC/USD,77886.065,OUT,0.281873,-0.370796,0.046921,1.9e-05,101316.38,0.0,0,bear_trend,0.42,waiting_for_entry
2026-05-16T13:28:56.477360+00:00,SOL/USD,86.14615,OUT,0.226479,-0.55854,0.095133,0.0,101316.38,0.0,0,bear_trend,0.46,waiting_for_entry
2026-05-16T13:29:14.877970+00:00,DOGE/USD,0.108272,OUT,0.27497,-0.557739,0.077964,5.3e-05,101316.38,0.0,0,bear_trend,0.46,waiting_for_entry
2026-05-16T17:01:43.413889+00:00,BTC/USD,78207.3475,OUT,0.313268,-0.08052,0.02381,1.9e-05,101316.39,0.0,0,bear_trend,0.42,waiting_for_entry
2026-05-16T17:01:52.165017+00:00,SOL/USD,86.6016,OUT,0.264472,-0.314333,0.074183,0.0,101316.39,0.0,0,bear_trend,0.42,waiting_for_entry
2026-05-16T17:02:12.692503+00:00,DOGE/USD,0.109933,OUT,0.322018,-0.093739,0.076387,5.3e-05,101316.39,0.0,0,bear_trend,0.46,waiting_for_entry
2026-05-16T20:53:44.684435+00:00,BTC/USD,78220.37,OUT,0.327452,0.085783,0.039225,1.9e-05,101316.41,0.0,0,bear_trend,0.42,waiting_for_entry
2026-05-16T20:53:58.031380+00:00,SOL/USD,86.6604,OUT,0.299308,-0.022173,0.084226,0.0,101316.41,0.0,0,bear_trend,0.42,waiting_for_entry
2026-05-16T20:54:20.371144+00:00,DOGE/USD,0.1095,OUT,0.347999,0.108177,0.07622,5.3e-05,101316.41,0.0,0,bear_trend,0.46,waiting_for_entry
2026-05-17T03:42:49.990992+00:00,BTC/USD,77989.55,OUT,0.320237,-0.064406,0.049394,1.9e-05,101316.4,0.0,0,bear_trend,0.42,waiting_for_entry
2026-05-17T03:42:59.525149+00:00,SOL/USD,86.376,OUT,0.299843,-0.044727,0.054953,0.0,101316.4,0.0,0,bear_trend,0.42,waiting_for_entry
2026-05-17T03:43:18.521781+00:00,DOGE/USD,0.109251,OUT,0.33391,-0.00324,0.075756,5.3e-05,101316.4,0.0,0,bear_trend,0.46,waiting_for_entry
2026-05-17T06:48:16.064471+00:00,BTC/USD,78037.02,OUT,0.322641,0.110294,0.032726,1.9e-05,101316.43,0.0,0,bear_trend,0.42,waiting_for_entry
2026-05-17T06:48:24.156284+00:00,SOL/USD,86.718,OUT,0.319237,0.219765,0.043332,0.0,101316.43,0.0,0,bear_trend,0.42,waiting_for_entry
2026-05-17T06:48:46.271962+00:00,DOGE/USD,0.10945,OUT,0.352785,0.246879,0.075787,5.3e-05,101316.43,0.0,0,bear_trend,0.46,waiting_for_entry
2026-05-17T09:49:57.131418+00:00,BTC/USD,78102.015,OUT,0.345546,0.104987,0.036064,1.9e-05,101316.46,0.0,0,range,0.42,waiting_for_entry
2026-05-17T09:50:09.261416+00:00,SOL/USD,86.71215,OUT,0.323694,0.164733,0.042577,0.0,101316.46,0.0,0,bear_trend,0.42,waiting_for_entry
2026-05-17T09:50:25.933151+00:00,DOGE/USD,0.110818,OUT,0.3875,0.315142,0.076305,5.3e-05,101316.46,0.0,0,bear_trend,0.46,waiting_for_entry
2026-05-17T13:26:53.554809+00:00,BTC/USD,78220.5835,OUT,0.342519,0.160218,0.06369,1.9e-05,101316.47,0.0,0,range,0.42,waiting_for_entry
2026-05-17T13:27:02.851159+00:00,SOL/USD,86.3545,OUT,0.323003,0.152031,0.078283,0.0,101316.47,0.0,0,bear_trend,0.42,waiting_for_entry
2026-05-17T13:27:24.901059+00:00,DOGE/USD,0.11125,OUT,0.388766,0.460025,0.075037,5.3e-05,101316.47,0.0,0,range,0.46,waiting_for_entry
2026-05-17T17:01:08.042684+00:00,BTC/USD,77993.45,OUT,0.282782,0.047659,0.066927,1.9e-05,101316.43,0.0,0,range,0.42,waiting_for_entry
2026-05-17T17:01:22.589194+00:00,SOL/USD,86.285,OUT,0.259862,-0.041071,0.09256,0.0,101316.43,0.0,0,bear_trend,0.42,waiting_for_entry
2026-05-17T17:01:46.656424+00:00,DOGE/USD,0.110115,OUT,0.306024,-0.032971,0.075272,5.3e-05,101316.43,0.0,0,range,0.46,waiting_for_entry
2026-05-17T20:57:17.753774+00:00,BTC/USD,78262.48,OUT,0.297322,0.078164,0.057577,1.9e-05,101316.46,0.0,0,range,0.42,waiting_for_entry
2026-05-17T20:57:25.897882+00:00,SOL/USD,86.69,OUT,0.294195,0.14603,0.075831,0.0,101316.46,0.0,0,range,0.42,waiting_for_entry
2026-05-17T20:57:43.590494+00:00,DOGE/USD,0.110549,OUT,0.324514,0.058149,0.074986,5.3e-05,101316.46,0.0,0,range,0.46,waiting_for_entry
2026-05-18T03:57:49.385820+00:00,BTC/USD,76879.11,OUT,0.222095,-0.468494,0.132733,1.9e-05,101316.01,0.0,0,range,0.42,waiting_for_entry
2026-05-18T03:57:58.937592+00:00,SOL/USD,84.805,OUT,0.20112,-0.455331,0.073819,0.0,101316.01,0.0,0,range,0.42,waiting_for_entry
2026-05-18T03:58:14.775165+00:00,DOGE/USD,0.106422,OUT,0.230299,-0.494397,0.136853,5.3e-05,101316.01,0.0,0,range,0.46,waiting_for_entry
2026-05-18T08:12:08.888987+00:00,BTC/USD,77017.615,OUT,0.241439,-0.309824,0.083333,1.9e-05,101316.05,0.0,0,range,0.42,waiting_for_entry
2026-05-18T08:12:17.831847+00:00,SOL/USD,84.785,OUT,0.209152,-0.45808,0.058892,0.0,101316.05,0.0,0,range,0.42,waiting_for_entry
2026-05-18T08:12:38.080251+00:00,DOGE/USD,0.104373,OUT,0.204168,-0.657092,0.122584,5.3e-05,101316.05,0.0,0,range,0.46,waiting_for_entry
2026-05-18T15:39:18.333991+00:00,BTC/USD,76248.426,OUT,0.257707,-0.25709,0.104123,1.9e-05,101315.96,0.0,0,range,0.42,waiting_for_entry
2026-05-18T15:39:34.324905+00:00,SOL/USD,83.925,OUT,0.239451,-0.236613,0.07208,0.0,101315.96,0.0,0,bear_trend,0.42,waiting_for_entry
2026-05-18T15:39:58.916509+00:00,DOGE/USD,0.103601,OUT,0.230741,-0.397342,0.079453,5.3e-05,101315.96,0.0,0,bear_trend,0.46,waiting_for_entry
2026-05-18T18:03:28.767540+00:00,BTC/USD,76519.225,OUT,0.282629,-0.055346,0.076992,1.9e-05,101315.96,0.0,0,bear_trend,0.42,waiting_for_entry
2026-05-18T18:03:43.890938+00:00,SOL/USD,84.155,OUT,0.276163,0.002033,0.071169,0.0,101315.96,0.0,0,bear_trend,0.42,waiting_for_entry
2026-05-18T18:04:08.726910+00:00,DOGE/USD,0.1037,OUT,0.267785,-0.160585,0.128167,5.3e-05,101315.96,0.0,0,bear_trend,0.46,waiting_for_entry
2026-05-18T21:15:38.864830+00:00,BTC/USD,76870.827,OUT,0.338224,0.160355,0.076513,1.9e-05,101316.06,0.0,0,bear_trend,0.42,waiting_for_entry
2026-05-18T21:15:52.834020+00:00,SOL/USD,84.935,OUT,0.314625,0.139688,0.066754,0.0,101316.06,0.0,0,bear_trend,0.42,waiting_for_entry
2026-05-18T21:16:15.536768+00:00,DOGE/USD,0.104239,OUT,0.292622,0.043602,0.073635,5.3e-05,101316.06,0.0,0,bear_trend,0.46,waiting_for_entry
2026-05-19T03:52:00.098521+00:00,BTC/USD,76792.14,OUT,0.30561,-0.016325,0.093288,1.9e-05,101316.11,0.0,0,range,0.42,waiting_for_entry
2026-05-19T03:52:09.429599+00:00,SOL/USD,85.1105,OUT,0.300331,0.026656,0.04571,0.0,101316.11,0.0,0,bear_trend,0.42,waiting_for_entry
2026-05-19T03:52:26.156996+00:00,DOGE/USD,0.10436,OUT,0.299582,0.089374,0.065744,5.3e-05,101316.11,0.0,0,bear_trend,0.46,waiting_for_entry
2026-05-19T07:51:13.692385+00:00,BTC/USD,77201.7,OUT,0.33328,-0.041268,0.102396,1.9e-05,101316.21,0.0,0,range,0.42,waiting_for_entry
2026-05-19T07:51:22.378011+00:00,SOL/USD,85.4891,OUT,0.305363,-0.014615,0.026829,0.0,101316.21,0.0,0,range,0.42,waiting_for_entry
2026-05-19T07:51:43.242602+00:00,DOGE/USD,0.10505,OUT,0.32923,0.202553,0.067746,5.3e-05,101316.21,0.0,0,bear_trend,0.46,waiting_for_entry
2026-05-19T11:23:06.649775+00:00,BTC/USD,76791.202,OUT,0.35027,0.091217,0.095622,1.9e-05,101316.01,0.0,0,range,0.42,waiting_for_entry
2026-05-19T11:23:15.252084+00:00,SOL/USD,84.68,OUT,0.318979,-0.042259,0.058461,0.0,101316.01,0.0,0,range,0.42,waiting_for_entry
2026-05-19T11:23:34.596633+00:00,DOGE/USD,0.103985,OUT,0.32185,0.107671,0.064547,5.3e-05,101316.01,0.0,0,bear_trend,0.46,waiting_for_entry
2026-05-19T15:31:47.025920+00:00,BTC/USD,76492.154,OUT,0.301279,0.058351,0.015385,1.9e-05,101315.9,0.0,0,range,0.42,waiting_for_entry
2026-05-19T15:32:42.000551+00:00,SOL/USD,84.46585,OUT,0.315182,-0.073407,0.062164,0.0,101315.9,0.0,0,range,0.42,waiting_for_entry
2026-05-19T15:32:55.449166+00:00,DOGE/USD,0.103795,OUT,0.323263,0.112139,0.073846,5.3e-05,101315.9,0.0,0,bear_trend,0.46,waiting_for_entry
2026-05-19T18:09:33.933499+00:00,BTC/USD,76870.165,OUT,0.30343,-0.04091,0.023841,1.9e-05,101316.02,0.0,0,range,0.42,waiting_for_entry
2026-05-19T18:09:50.004974+00:00,SOL/USD,84.66105,OUT,0.308298,-0.035017,0.060787,0.0,101316.02,0.0,0,range,0.42,waiting_for_entry
2026-05-19T18:10:10.194753+00:00,DOGE/USD,0.10365,OUT,0.309898,0.041818,0.064203,5.3e-05,101316.02,0.0,0,bear_trend,0.46,waiting_for_entry
2026-05-19T21:22:36.088687+00:00,BTC/USD,76951.28,OUT,0.319801,0.072141,0.038237,1.9e-05,101315.97,0.0,0,range,0.42,waiting_for_entry
2026-05-19T21:22:45.026862+00:00,SOL/USD,84.43515,OUT,0.312021,0.063974,0.054355,0.0,101315.97,0.0,0,range,0.42,waiting_for_entry
2026-05-19T21:23:01.561625+00:00,DOGE/USD,0.103595,OUT,0.300883,0.031559,0.064966,5.3e-05,101315.97,0.0,0,bear_trend,0.46,waiting_for_entry
2026-05-20T03:51:59.698085+00:00,BTC/USD,76643.53,OUT,0.300393,-0.024266,0.038933,1.9e-05,101315.9,0.0,0,range,0.42,waiting_for_entry
2026-05-20T03:52:09.524950+00:00,SOL/USD,83.985,OUT,0.285082,-0.170029,0.030101,0.0,101315.9,0.0,0,range,0.42,waiting_for_entry
2026-05-20T03:52:26.300973+00:00,DOGE/USD,0.102693,OUT,0.272883,-0.205489,0.066197,5.3e-05,101315.9,0.0,0,range,0.46,waiting_for_entry
2026-05-20T07:45:09.257556+00:00,BTC/USD,77299.625,OUT,0.334371,0.044754,0.054221,1.9e-05,101316.08,0.0,0,range,0.42,waiting_for_entry
2026-05-20T07:45:18.767091+00:00,SOL/USD,84.81,OUT,0.326733,0.071806,0.03645,0.0,101316.08,0.0,0,range,0.42,waiting_for_entry
2026-05-20T07:45:38.688999+00:00,DOGE/USD,0.10367,OUT,0.345182,0.274504,0.071626,5.3e-05,101316.08,0.0,0,range,0.46,waiting_for_entry
2026-05-20T07:49:31.315283+00:00,BTC/USD,77187.5,OUT,0.340844,0.054932,0.054221,1.9e-05,101316.08,0.0,0,range,0.42,waiting_for_entry
2026-05-20T07:49:41.976054+00:00,SOL/USD,84.6785,OUT,0.326557,0.091132,0.032471,0.0,101316.08,0.0,0,range,0.42,waiting_for_entry
2026-05-20T07:49:58.432501+00:00,DOGE/USD,0.103434,OUT,0.332863,0.265551,0.071626,5.3e-05,101316.08,0.0,0,range,0.46,waiting_for_entry
2026-05-20T10:54:29.472436+00:00,BTC/USD,77469.731,OUT,0.320961,-0.013103,0.039997,1.9e-05,101316.11,0.0,0,range,0.42,waiting_for_entry
2026-05-20T10:54:42.950388+00:00,SOL/USD,84.94305,OUT,0.332125,0.032081,0.063758,0.0,101316.11,0.0,0,range,0.42,waiting_for_entry
2026-05-20T10:55:06.407826+00:00,DOGE/USD,0.103854,OUT,0.290009,-0.005869,0.066694,5.3e-05,101316.11,0.0,0,range,0.46,waiting_for_entry
2026-05-20T15:30:56.626126+00:00,BTC/USD,77490.1,OUT,0.331034,-0.052717,0.057781,1.9e-05,101316.22,0.0,0,range,0.42,waiting_for_entry
2026-05-20T15:31:16.967488+00:00,SOL/USD,85.819,OUT,0.326992,-0.052081,0.078006,0.0,101316.22,0.0,0,range,0.42,waiting_for_entry
2026-05-20T15:31:43.999177+00:00,DOGE/USD,0.104412,OUT,0.295752,-0.045275,0.067461,5.3e-05,101316.22,0.0,0,range,0.46,waiting_for_entry
2026-05-20T18:21:47.871780+00:00,BTC/USD,77532.525,OUT,0.33604,-0.059093,0.058361,1.9e-05,101316.22,0.0,0,range,0.42,waiting_for_entry
2026-05-20T18:21:59.191204+00:00,SOL/USD,86.33685,OUT,0.375154,0.087538,0.091463,0.0,101316.22,0.0,0,range,0.42,waiting_for_entry
2026-05-20T18:22:41.327154+00:00,DOGE/USD,0.104395,OUT,0.324145,0.116222,0.066907,5.3e-05,101316.22,0.0,0,range,0.46,waiting_for_entry
2026-05-20T21:58:58.794852+00:00,BTC/USD,77496.4095,OUT,0.331588,0.075665,0.037513,1.9e-05,101316.17,0.0,0,range,0.42,waiting_for_entry
2026-05-20T21:59:10.865965+00:00,SOL/USD,85.9268,OUT,0.357466,0.177284,0.06373,0.0,101316.17,0.0,0,range,0.42,waiting_for_entry
2026-05-20T21:59:35.075219+00:00,DOGE/USD,0.103823,OUT,0.31479,0.101375,0.068337,5.3e-05,101316.17,0.0,0,range,0.46,waiting_for_entry
2026-05-21T04:00:45.783919+00:00,BTC/USD,78003.983,OUT,0.341368,-0.10095,0.040533,1.9e-05,101316.26,0.0,0,range,0.42,waiting_for_entry
2026-05-21T04:00:55.473529+00:00,SOL/USD,86.77255,OUT,0.409309,0.088659,0.048387,0.0,101316.26,0.0,0,range,0.42,waiting_for_entry
2026-05-21T04:01:13.260131+00:00,DOGE/USD,0.105675,OUT,0.337834,-0.040133,0.068143,5.3e-05,101316.26,0.0,0,range,0.42,waiting_for_entry
2026-05-21T08:02:00.320726+00:00,BTC/USD,77816.7095,OUT,0.352427,-0.01511,0.04033,1.9e-05,101316.24,0.0,0,range,0.42,waiting_for_entry
2026-05-21T08:02:12.652693+00:00,SOL/USD,86.557,OUT,0.375547,0.043538,0.05149,0.0,101316.24,0.0,0,range,0.42,waiting_for_entry
2026-05-21T08:02:33.285757+00:00,DOGE/USD,0.10554,OUT,0.380969,0.127231,0.068757,5.3e-05,101316.24,0.0,0,range,0.42,waiting_for_entry
2026-05-21T15:35:27.389410+00:00,BTC/USD,77028.155,OUT,0.334295,-0.078527,0.038603,1.9e-05,101316.14,0.0,0,range,0.42,waiting_for_entry
2026-05-21T15:35:47.201397+00:00,SOL/USD,86.3333,OUT,0.367438,-0.105594,0.07325,0.0,101316.14,0.0,0,range,0.42,waiting_for_entry
2026-05-21T15:36:40.965412+00:00,DOGE/USD,0.104442,OUT,0.334812,-0.156361,0.067878,5.3e-05,101316.14,0.0,0,range,0.42,waiting_for_entry
2026-05-21T18:06:25.871269+00:00,BTC/USD,77609.3915,OUT,0.370783,-0.022774,0.052085,1.9e-05,101316.31,0.0,0,range,0.42,waiting_for_entry
2026-05-21T18:06:49.025904+00:00,SOL/USD,87.3115,OUT,0.417421,0.093582,0.061844,0.0,101316.31,0.0,0,range,0.42,waiting_for_entry
2026-05-21T18:07:21.781642+00:00,DOGE/USD,0.10579,OUT,0.410114,0.091451,0.072439,5.3e-05,101316.31,0.0,0,range,0.42,waiting_for_entry
2026-05-21T21:39:57.298859+00:00,BTC/USD,77696.4115,OUT,0.365562,-0.026545,0.061373,1.9e-05,101316.28,0.0,0,range,0.42,waiting_for_entry
2026-05-21T21:40:13.222109+00:00,SOL/USD,87.4065,BUY,0.420236,0.15848,0.073758,340.786856,101316.28,0.0,1,range,0.42,entry
2026-05-21T21:40:38.198872+00:00,DOGE/USD,0.105634,OUT,0.378332,0.012939,0.064281,5.3e-05,101316.28,0.0,0,range,0.42,waiting_for_entry
2026-05-22T03:56:29.370066+00:00,BTC/USD,77683.28,OUT,0.36033,-0.002831,0.040239,1.9e-05,101052.9,0.0,0,range,0.42,waiting_for_entry
2026-05-22T03:56:38.970660+00:00,SOL/USD,86.9293,HOLD,0.366497,-0.035614,0.044425,340.037125,101052.9,0.0,0,range,0.42,shadow_holding
2026-05-22T03:56:55.903210+00:00,DOGE/USD,0.10585,OUT,0.371068,-0.04079,0.063904,5.3e-05,101052.9,0.0,0,range,0.42,waiting_for_entry
2026-05-22T07:50:10.641474+00:00,BTC/USD,77373.2605,OUT,0.344766,0.011384,0.028409,1.9e-05,101061.93,0.0,0,range,0.42,waiting_for_entry
2026-05-22T07:50:20.699433+00:00,SOL/USD,86.9755,HOLD,0.360356,-0.02793,0.032134,340.037125,101061.93,0.0,0,range,0.42,shadow_holding
2026-05-22T07:50:35.978509+00:00,DOGE/USD,0.105647,OUT,0.330614,-0.142531,0.066944,5.3e-05,101061.93,0.0,0,range,0.42,waiting_for_entry
2026-05-22T10:54:33.955208+00:00,BTC/USD,77232.7555,OUT,0.328156,-0.055369,0.027649,1.9e-05,100949.59,0.0,0,range,0.42,waiting_for_entry
2026-05-22T10:54:46.957965+00:00,SOL/USD,86.933,HOLD,0.364702,0.039109,0.035467,340.037125,100949.59,0.0,0,range,0.42,shadow_holding
2026-05-22T10:55:11.684601+00:00,DOGE/USD,0.105761,OUT,0.37048,-0.014577,0.068862,5.3e-05,100949.59,0.0,0,range,0.42,waiting_for_entry
2026-05-22T14:45:53.715759+00:00,BTC/USD,76725.795,OUT,0.351591,0.040088,0.044513,1.9e-05,100929.89,0.0,0,range,0.42,waiting_for_entry
2026-05-22T14:46:11.091262+00:00,SOL/USD,86.62595,HOLD,0.386391,0.016172,0.057626,340.037125,100929.89,0.0,0,range,0.42,shadow_holding
2026-05-22T14:46:32.639970+00:00,DOGE/USD,0.105635,OUT,0.378321,0.097016,0.069696,5.3e-05,100929.89,0.0,0,range,0.42,waiting_for_entry
2026-05-22T17:55:37.132067+00:00,BTC/USD,76716.2,OUT,0.342321,-0.009507,0.042597,1.9e-05,100878.8,0.0,0,range,0.42,waiting_for_entry
2026-05-22T17:55:54.748750+00:00,SOL/USD,86.6245,HOLD,0.375507,0.040092,0.061415,340.037125,100878.8,0.0,0,range,0.42,shadow_holding
2026-05-22T17:56:26.049178+00:00,DOGE/USD,0.105697,OUT,0.358593,-0.101678,0.077436,5.3e-05,100878.8,0.0,0,range,0.42,waiting_for_entry
2026-05-22T21:14:49.975588+00:00,BTC/USD,75926.8085,OUT,0.232339,-0.582515,0.013011,1.9e-05,100368.55,0.0,0,range,0.42,waiting_for_entry
2026-05-22T21:14:57.499952+00:00,SOL/USD,84.9582,SELL,0.330848,-0.156486,0.069168,340.037125,100368.55,0.0,1,range,0.42,PROFIT_LOCK_2.32%
2026-05-22T21:15:16.439281+00:00,DOGE/USD,0.1039,OUT,0.336044,-0.133433,0.07121,5.3e-05,100368.55,0.0,0,range,0.42,waiting_for_entry
2026-05-23T03:32:55.998027+00:00,BTC/USD,75551.415,OUT,0.242129,-0.554167,0.044572,1.9e-05,100117.89,0.0,0,bear_trend,0.42,waiting_for_entry
2026-05-23T03:33:02.880284+00:00,SOL/USD,84.5495,OUT,0.0,0.0,0.0,0.0,100117.89,0.0,0,cooldown,0.42,cooldown_341m_left
2026-05-23T03:33:27.179897+00:00,DOGE/USD,0.10182,OUT,0.271567,-0.628766,0.069606,5.3e-05,100117.89,0.0,0,range,0.42,waiting_for_entry
2026-05-23T06:36:12.547158+00:00,BTC/USD,75364.886,OUT,0.24975,-0.340041,0.025301,1.9e-05,100117.85,0.0,0,bear_trend,0.42,waiting_for_entry
2026-05-23T06:36:23.410597+00:00,SOL/USD,84.405,OUT,0.0,0.0,0.0,0.0,100117.85,0.0,0,cooldown,0.42,cooldown_158m_left
2026-05-23T06:36:42.019864+00:00,DOGE/USD,0.1008,OUT,0.256882,-0.560592,0.066161,5.3e-05,100117.85,0.0,0,bear_trend,0.42,waiting_for_entry
2026-05-23T09:57:15.022590+00:00,BTC/USD,74612.03,OUT,0.211062,-0.561764,0.036236,1.9e-05,100117.67,0.0,0,bear_trend,0.42,waiting_for_entry
2026-05-23T09:57:24.603579+00:00,SOL/USD,81.94275,OUT,0.234347,-0.614022,0.065427,2.5e-05,100117.67,0.0,0,bear_trend,0.42,waiting_for_entry
2026-05-23T09:57:40.411163+00:00,DOGE/USD,0.099366,OUT,0.268737,-0.378376,0.06924,5.3e-05,100117.67,0.0,0,bear_trend,0.42,waiting_for_entry
2026-05-23T13:41:53.081663+00:00,BTC/USD,74835.4235,OUT,0.258923,-0.180877,0.041523,1.9e-05,100117.72,0.0,0,bear_trend,0.42,waiting_for_entry
2026-05-23T13:42:02.570506+00:00,SOL/USD,82.9424,OUT,0.250824,-0.481871,0.044736,2.5e-05,100117.72,0.0,0,bear_trend,0.42,waiting_for_entry
2026-05-23T13:42:18.660608+00:00,DOGE/USD,0.10009,OUT,0.269667,-0.365497,0.070726,5.3e-05,100117.72,0.0,0,bear_trend,0.42,waiting_for_entry
2026-05-23T17:03:37.092579+00:00,BTC/USD,75404.39,OUT,0.302097,0.122227,0.024625,1.9e-05,100117.85,0.0,0,bear_trend,0.42,waiting_for_entry
2026-05-23T17:03:44.183981+00:00,SOL/USD,84.12,OUT,0.337782,0.143908,0.049125,2.5e-05,100117.85,0.0,0,bear_trend,0.42,waiting_for_entry
2026-05-23T17:04:03.001220+00:00,DOGE/USD,0.101055,OUT,0.355743,0.325317,0.065368,5.3e-05,100117.85,0.0,0,bear_trend,0.42,waiting_for_entry
2026-05-23T20:57:00.588546+00:00,BTC/USD,76950.832,OUT,0.402561,0.44942,0.079381,1.9e-05,100118.27,0.0,0,bear_trend,0.42,waiting_for_entry
2026-05-23T20:57:10.600630+00:00,SOL/USD,86.81675,BUY,0.42072,0.466185,0.065847,339.044843,100118.27,0.0,1,bear_trend,0.42,entry
2026-05-23T20:57:27.353071+00:00,DOGE/USD,0.104525,BUY,0.424777,0.503753,0.075451,281605.08376,100118.27,0.0,1,bear_trend,0.42,entry
2026-05-24T03:54:26.047692+00:00,BTC/USD,76688.39,OUT,0.378895,0.436126,0.041656,1.9e-05,98911.01,0.0,0,range,0.42,waiting_for_entry
2026-05-24T03:54:34.200786+00:00,SOL/USD,85.692,SELL,0.396922,0.4763,0.038813,338.298969,98911.01,0.0,1,bear_trend,0.42,judge_exit
2026-05-24T03:54:55.602602+00:00,DOGE/USD,0.102833,SELL,0.394437,0.483129,0.058988,280985.552628,98911.01,0.0,1,bear_trend,0.46,judge_exit
2026-05-24T07:23:55.670121+00:00,BTC/USD,76773.88,OUT,0.378535,0.427146,0.03012,1.9e-05,98566.33,0.0,0,range,0.42,waiting_for_entry
2026-05-24T07:24:02.855171+00:00,SOL/USD,86.0854,OUT,0.0,0.0,0.0,0.0,98566.33,0.0,0,cooldown,0.42,cooldown_510m_left
2026-05-24T07:24:21.363826+00:00,DOGE/USD,0.102945,OUT,0.0,0.0,0.0,0.0,98566.33,0.0,0,cooldown,0.42,cooldown_510m_left
2026-05-24T09:58:23.902966+00:00,BTC/USD,76911.0,OUT,0.358124,0.259071,0.037542,1.9e-05,98566.31,0.0,0,range,0.42,waiting_for_entry
2026-05-24T09:58:31.813301+00:00,SOL/USD,86.512,OUT,0.0,0.0,0.0,0.0,98566.31,0.0,0,cooldown,0.42,cooldown_356m_left
2026-05-24T09:58:50.324887+00:00,DOGE/USD,0.103095,OUT,0.0,0.0,0.0,0.0,98566.31,0.0,0,cooldown,0.42,cooldown_356m_left
2026-05-24T13:41:34.750772+00:00,BTC/USD,76841.881,OUT,0.366672,0.182772,0.042757,1.9e-05,98566.3,0.0,0,range,0.42,waiting_for_entry
2026-05-24T13:41:45.440098+00:00,SOL/USD,86.1285,OUT,0.0,0.0,0.0,0.0,98566.3,0.0,0,cooldown,0.42,cooldown_132m_left
2026-05-24T13:42:03.854162+00:00,DOGE/USD,0.103142,OUT,0.0,0.0,0.0,0.0,98566.3,0.0,0,cooldown,0.42,cooldown_132m_left
2026-05-24T17:05:26.809727+00:00,BTC/USD,76591.813,OUT,0.297288,-0.22028,0.039495,1.9e-05,98566.22,0.0,0,range,0.42,waiting_for_entry
2026-05-24T17:05:33.583633+00:00,SOL/USD,85.5575,OUT,0.3172,-0.085698,0.054036,6.9e-05,98566.22,0.0,0,range,0.42,waiting_for_entry
2026-05-24T17:05:53.601039+00:00,DOGE/USD,0.1021,OUT,0.31246,-0.102168,0.069233,2.8e-05,98566.22,0.0,0,range,0.42,waiting_for_entry
2026-05-24T21:00:14.849638+00:00,BTC/USD,76568.0835,OUT,0.307977,-0.141375,0.041853,1.9e-05,98566.17,0.0,0,range,0.42,waiting_for_entry
2026-05-24T21:00:24.002734+00:00,SOL/USD,84.664,OUT,0.337897,0.032306,0.053623,6.9e-05,98566.17,0.0,0,range,0.42,waiting_for_entry
2026-05-24T21:00:41.801196+00:00,DOGE/USD,0.101676,OUT,0.288898,-0.158511,0.067748,2.8e-05,98566.17,0.0,0,range,0.46,waiting_for_entry
2026-05-25T04:06:22.923517+00:00,BTC/USD,76936.0065,OUT,0.344701,0.066386,0.047437,1.9e-05,98566.19,0.0,0,range,0.42,waiting_for_entry
2026-05-25T04:06:35.403295+00:00,SOL/USD,84.8965,OUT,0.311833,-0.122192,0.056306,6.9e-05,98566.19,0.0,0,range,0.42,waiting_for_entry
2026-05-25T04:06:55.977453+00:00,DOGE/USD,0.101855,OUT,0.319136,0.028417,0.080527,2.8e-05,98566.19,0.0,0,range,0.46,waiting_for_entry
2026-05-25T11:55:25.318299+00:00,BTC/USD,77335.61,OUT,0.353406,0.087891,0.040626,1.9e-05,98566.31,0.0,0,range,0.42,waiting_for_entry
2026-05-25T11:55:34.784445+00:00,SOL/USD,85.6945,OUT,0.331999,0.113193,0.057285,6.9e-05,98566.31,0.0,0,range,0.46,waiting_for_entry
2026-05-25T11:55:52.696037+00:00,DOGE/USD,0.102743,OUT,0.331075,0.109169,0.058367,2.8e-05,98566.31,0.0,0,range,0.46,waiting_for_entry
2026-05-25T14:59:11.595038+00:00,BTC/USD,77618.178,OUT,0.371279,-0.000387,0.046648,1.9e-05,98566.37,0.0,0,range,0.42,waiting_for_entry
2026-05-25T14:59:24.803809+00:00,SOL/USD,86.2395,OUT,0.349107,0.081919,0.047619,6.9e-05,98566.37,0.0,0,range,0.42,waiting_for_entry
2026-05-25T14:59:40.972129+00:00,DOGE/USD,0.10312,OUT,0.340818,0.022341,0.056643,2.8e-05,98566.37,0.0,0,range,0.42,waiting_for_entry
2026-05-25T17:46:32.364390+00:00,BTC/USD,77494.005,OUT,0.373617,0.149245,0.068462,1.9e-05,98566.39,0.0,0,range,0.42,waiting_for_entry
2026-05-25T17:46:42.457784+00:00,SOL/USD,86.00625,OUT,0.341231,0.085457,0.039855,6.9e-05,98566.39,0.0,0,range,0.42,waiting_for_entry
2026-05-25T17:46:58.045476+00:00,DOGE/USD,0.10324,OUT,0.349524,0.096998,0.067425,2.8e-05,98566.39,0.0,0,range,0.42,waiting_for_entry
2026-05-25T21:12:54.275318+00:00,BTC/USD,77271.925,OUT,0.349023,-0.073478,0.042308,1.9e-05,98566.27,0.0,0,range,0.42,waiting_for_entry
2026-05-25T21:13:03.181268+00:00,SOL/USD,85.375,OUT,0.32524,-0.094684,0.060786,6.9e-05,98566.27,0.0,0,range,0.42,waiting_for_entry
2026-05-25T21:13:19.190622+00:00,DOGE/USD,0.102405,OUT,0.320033,-0.06163,0.064961,2.8e-05,98566.27,0.0,0,range,0.42,waiting_for_entry
2026-05-26T03:51:43.177553+00:00,BTC/USD,76560.8775,OUT,0.383428,0.027268,0.080626,1.9e-05,98566.27,0.0,0,range,0.42,waiting_for_entry
2026-05-26T03:51:51.577470+00:00,SOL/USD,84.0945,OUT,0.326974,-0.139893,0.095602,6.9e-05,98566.27,0.0,0,range,0.42,waiting_for_entry
2026-05-26T03:52:13.908480+00:00,DOGE/USD,0.100894,OUT,0.324165,-0.151165,0.085888,2.8e-05,98566.27,0.0,0,range,0.42,waiting_for_entry
2026-05-26T07:54:03.447641+00:00,BTC/USD,76603.695,OUT,0.381012,-0.024611,0.081967,1.9e-05,98566.26,0.0,0,range,0.42,waiting_for_entry
2026-05-26T07:54:17.020805+00:00,SOL/USD,84.355,OUT,0.350691,-0.124551,0.065315,6.9e-05,98566.26,0.0,0,range,0.42,waiting_for_entry
2026-05-26T07:54:39.277338+00:00,DOGE/USD,0.10126,OUT,0.364701,-0.018474,0.062886,2.8e-05,98566.26,0.0,0,range,0.42,waiting_for_entry
2026-05-26T15:40:52.874854+00:00,BTC/USD,76363.195,OUT,0.373349,0.080062,0.071831,1.9e-05,98566.23,0.0,0,range,0.42,waiting_for_entry
2026-05-26T15:41:12.238629+00:00,SOL/USD,84.500918,OUT,0.371601,0.062401,0.082289,6.9e-05,98566.23,0.0,0,range,0.42,waiting_for_entry
2026-05-26T15:41:39.642586+00:00,DOGE/USD,0.101653,OUT,0.379127,0.10214,0.09417,2.8e-05,98566.23,0.0,0,range,0.42,waiting_for_entry
2026-05-26T18:29:24.523903+00:00,BTC/USD,75948.1355,OUT,0.335879,-0.087632,0.061236,1.9e-05,98566.16,0.0,0,range,0.42,waiting_for_entry
2026-05-26T18:29:33.486680+00:00,SOL/USD,83.7265,OUT,0.304413,-0.15384,0.053267,6.9e-05,98566.16,0.0,0,range,0.42,waiting_for_entry
2026-05-26T18:29:54.512723+00:00,DOGE/USD,0.10112,OUT,0.322276,-0.139822,0.062724,2.8e-05,98566.16,0.0,0,range,0.42,waiting_for_entry
2026-05-26T21:47:47.740490+00:00,BTC/USD,75928.4,OUT,0.335335,-0.026824,0.049394,1.9e-05,98566.17,0.0,0,range,0.42,waiting_for_entry
2026-05-26T21:47:57.677388+00:00,SOL/USD,83.8,OUT,0.296195,-0.048283,0.046943,6.9e-05,98566.17,0.0,0,range,0.42,waiting_for_entry
2026-05-26T21:48:16.919404+00:00,DOGE/USD,0.10095,OUT,0.309977,-0.022234,0.055305,2.8e-05,98566.17,0.0,0,range,0.42,waiting_for_entry
2026-05-27T04:05:32.949359+00:00,BTC/USD,75543.275,OUT,0.289938,-0.110357,0.028378,1.9e-05,98566.14,0.0,0,range,0.42,waiting_for_entry
2026-05-27T04:05:47.624513+00:00,SOL/USD,83.52405,OUT,0.289253,-0.067369,0.025926,6.9e-05,98566.14,0.0,0,bear_trend,0.42,waiting_for_entry
2026-05-27T04:06:09.296763+00:00,DOGE/USD,0.10106,OUT,0.330575,0.103105,0.054533,2.8e-05,98566.14,0.0,0,range,0.42,waiting_for_entry
2026-05-27T11:41:08.081549+00:00,BTC/USD,75697.05,OUT,0.314281,0.105923,0.035545,1.9e-05,98566.23,0.0,0,bear_trend,0.42,waiting_for_entry
2026-05-27T11:41:20.139303+00:00,SOL/USD,83.9485,OUT,0.296932,0.020989,0.028881,6.9e-05,98566.23,0.0,0,bear_trend,0.42,waiting_for_entry
2026-05-27T11:41:43.165289+00:00,DOGE/USD,0.101605,OUT,0.324795,-0.05549,0.048947,2.8e-05,98566.23,0.0,0,range,0.42,waiting_for_entry
2026-05-27T15:52:41.218008+00:00,BTC/USD,75167.36,OUT,0.31647,-0.032072,0.063655,1.9e-05,98566.11,0.0,0,bear_trend,0.42,waiting_for_entry
2026-05-27T15:52:57.453594+00:00,SOL/USD,84.2252,OUT,0.299939,-0.125215,0.02226,6.9e-05,98566.11,0.0,0,range,0.42,waiting_for_entry
2026-05-27T15:53:14.245680+00:00,DOGE/USD,0.10233,OUT,0.333689,-0.136523,0.050727,2.8e-05,98566.11,0.0,0,range,0.42,waiting_for_entry
2026-05-27T18:29:21.457686+00:00,BTC/USD,74722.96,OUT,0.305723,-0.006689,0.061597,1.9e-05,98566.01,0.0,0,bear_trend,0.42,waiting_for_entry
2026-05-27T18:29:38.576665+00:00,SOL/USD,83.3208,OUT,0.327488,0.134813,0.048104,6.9e-05,98566.01,0.0,0,range,0.42,waiting_for_entry
2026-05-27T18:30:06.202910+00:00,DOGE/USD,0.10125,OUT,0.320218,-0.05146,0.04586,2.8e-05,98566.01,0.0,0,range,0.42,waiting_for_entry
2026-05-27T21:59:39.835375+00:00,BTC/USD,74314.131,OUT,0.306692,-0.058933,0.075024,1.9e-05,98565.89,0.0,0,bear_trend,0.42,waiting_for_entry
2026-05-27T21:59:51.383289+00:00,SOL/USD,82.2575,OUT,0.329518,0.103506,0.039941,6.9e-05,98565.89,0.0,0,range,0.42,waiting_for_entry
2026-05-27T22:00:12.347324+00:00,DOGE/USD,0.100259,OUT,0.360897,0.200232,0.045908,2.8e-05,98565.89,0.0,0,range,0.42,waiting_for_entry
2026-05-28T03:54:03.258242+00:00,BTC/USD,73221.935,OUT,0.221662,-0.572375,0.093168,1.9e-05,98565.63,0.0,0,bear_trend,0.42,waiting_for_entry
2026-05-28T03:54:10.914011+00:00,SOL/USD,80.824089,OUT,0.265194,-0.150177,0.048474,6.9e-05,98565.63,0.0,0,range,0.42,waiting_for_entry
2026-05-28T03:54:30.409902+00:00,DOGE/USD,0.098349,OUT,0.317345,-0.033385,0.084908,2.8e-05,98565.63,0.0,0,range,0.42,waiting_for_entry
2026-05-28T08:04:06.732283+00:00,BTC/USD,73217.167,OUT,0.217691,-0.423763,0.076748,1.9e-05,98565.67,0.0,0,bear_trend,0.42,waiting_for_entry
2026-05-28T08:04:19.105852+00:00,SOL/USD,80.905,OUT,0.217713,-0.4634,0.057824,6.9e-05,98565.67,0.0,0,bear_trend,0.42,waiting_for_entry
2026-05-28T08:04:39.998244+00:00,DOGE/USD,0.098299,OUT,0.290007,-0.073295,0.077053,2.8e-05,98565.67,0.0,0,bear_trend,0.42,waiting_for_entry
2026-05-28T16:09:48.522359+00:00,BTC/USD,72724.295,OUT,0.232538,-0.124213,0.031613,1.9e-05,98565.74,0.0,0,bear_trend,0.42,waiting_for_entry
2026-05-28T16:09:59.316676+00:00,SOL/USD,80.965,OUT,0.286354,0.105834,0.055214,6.9e-05,98565.74,0.0,0,bear_trend,0.42,waiting_for_entry
2026-05-28T16:10:27.434829+00:00,DOGE/USD,0.098089,OUT,0.318544,0.099826,0.072759,2.8e-05,98565.74,0.0,0,bear_trend,0.42,waiting_for_entry
2026-05-28T21:58:00.455304+00:00,BTC/USD,73776.25,OUT,0.303938,0.139053,0.063877,1.9e-05,98565.95,0.0,0,bear_trend,0.42,waiting_for_entry
2026-05-28T21:58:15.884654+00:00,SOL/USD,82.3965,OUT,0.318633,-0.02226,0.080046,6.9e-05,98565.95,0.0,0,bear_trend,0.42,waiting_for_entry
2026-05-28T21:58:39.590328+00:00,DOGE/USD,0.099955,OUT,0.332057,-0.038861,0.068329,2.8e-05,98565.95,0.0,0,bear_trend,0.42,waiting_for_entry
2026-05-29T03:55:38.647511+00:00,BTC/USD,73214.47,OUT,0.284887,0.152875,0.033079,1.9e-05,98565.85,0.0,0,bear_trend,0.42,waiting_for_entry
2026-05-29T03:55:51.275105+00:00,SOL/USD,81.4937,OUT,0.308543,0.034991,0.054769,6.9e-05,98565.85,0.0,0,bear_trend,0.42,waiting_for_entry
2026-05-29T03:56:12.774941+00:00,DOGE/USD,0.099032,OUT,0.327105,-0.005739,0.053779,2.8e-05,98565.85,0.0,0,bear_trend,0.42,waiting_for_entry
2026-05-29T08:01:01.013658+00:00,BTC/USD,73399.48,OUT,0.302374,0.207035,0.029412,1.9e-05,98565.87,0.0,0,bear_trend,0.42,waiting_for_entry
2026-05-29T08:01:08.671193+00:00,SOL/USD,82.2661,OUT,0.301305,0.007288,0.023411,6.9e-05,98565.87,0.0,0,range,0.42,waiting_for_entry
2026-05-29T08:01:27.550921+00:00,DOGE/USD,0.09959,OUT,0.326333,0.012081,0.054351,2.8e-05,98565.87,0.0,0,range,0.42,waiting_for_entry
2026-05-29T11:39:24.339595+00:00,BTC/USD,73415.705,OUT,0.285548,0.185726,0.040378,1.9e-05,98565.89,0.0,0,range,0.42,waiting_for_entry
2026-05-29T11:39:37.487614+00:00,SOL/USD,81.8465,OUT,0.325027,0.162036,0.056493,6.9e-05,98565.89,0.0,0,range,0.42,waiting_for_entry
2026-05-29T11:40:01.244655+00:00,DOGE/USD,0.099022,OUT,0.342197,0.228031,0.075123,2.8e-05,98565.89,0.0,0,range,0.42,waiting_for_entry
2026-05-29T15:43:47.924923+00:00,BTC/USD,73753.865,OUT,0.297763,0.028679,0.055937,1.9e-05,98566.1,0.0,0,range,0.42,waiting_for_entry
2026-05-29T15:44:19.413675+00:00,SOL/USD,82.24035,OUT,0.300091,-0.140056,0.069138,6.9e-05,98566.1,0.0,0,range,0.42,waiting_for_entry
2026-05-29T15:44:53.613879+00:00,DOGE/USD,0.10025,OUT,0.314995,-0.130712,0.053527,2.8e-05,98566.1,0.0,0,range,0.42,waiting_for_entry
2026-05-29T18:37:29.651870+00:00,BTC/USD,73656.8565,OUT,0.317252,0.111429,0.061495,1.9e-05,98565.99,0.0,0,range,0.42,waiting_for_entry
2026-05-29T18:37:46.420518+00:00,SOL/USD,82.49295,OUT,0.351867,0.115141,0.058498,6.9e-05,98565.99,0.0,0,range,0.42,waiting_for_entry
2026-05-29T18:38:24.723952+00:00,DOGE/USD,0.099957,OUT,0.35396,0.132903,0.045564,2.8e-05,98565.99,0.0,0,range,0.42,waiting_for_entry
2026-05-29T21:54:09.492890+00:00,BTC/USD,73351.65,OUT,0.295167,-0.022026,0.052914,1.9e-05,98565.9,0.0,0,range,0.42,waiting_for_entry
2026-05-29T21:54:23.053176+00:00,SOL/USD,81.7639,OUT,0.308317,-0.064683,0.066864,6.9e-05,98565.9,0.0,0,range,0.42,waiting_for_entry
2026-05-29T21:54:44.568563+00:00,DOGE/USD,0.099727,OUT,0.348672,0.122272,0.05368,2.8e-05,98565.9,0.0,0,range,0.42,waiting_for_entry
2026-05-30T03:40:54.274803+00:00,BTC/USD,73521.095,OUT,0.299846,0.068479,0.032819,1.9e-05,98565.96,0.0,0,range,0.42,waiting_for_entry
2026-05-30T03:41:06.690403+00:00,SOL/USD,82.67,OUT,0.32885,0.118977,0.032508,6.9e-05,98565.96,0.0,0,range,0.42,waiting_for_entry
2026-05-30T03:41:27.456963+00:00,DOGE/USD,0.100945,OUT,0.353132,0.031559,0.05425,2.8e-05,98565.96,0.0,0,range,0.42,waiting_for_entry
2026-05-30T06:49:11.700691+00:00,BTC/USD,73545.4355,OUT,0.291344,-0.06849,0.058587,1.9e-05,98565.95,0.0,0,range,0.42,waiting_for_entry
2026-05-30T06:49:20.695808+00:00,SOL/USD,82.47685,OUT,0.333246,-0.042737,0.071965,6.9e-05,98565.95,0.0,0,range,0.42,waiting_for_entry
2026-05-30T06:49:36.566974+00:00,DOGE/USD,0.101221,OUT,0.359541,0.118491,0.070083,2.8e-05,98565.95,0.0,0,range,0.42,waiting_for_entry
2026-05-30T10:03:22.074918+00:00,BTC/USD,73484.79,OUT,0.295904,0.091821,0.024648,1.9e-05,98565.95,0.0,0,range,0.42,waiting_for_entry
2026-05-30T10:03:31.220524+00:00,SOL/USD,82.2475,OUT,0.32134,-0.084624,0.034623,6.9e-05,98565.95,0.0,0,range,0.42,waiting_for_entry
2026-05-30T10:03:48.369980+00:00,DOGE/USD,0.100844,OUT,0.34562,-0.044111,0.048382,2.8e-05,98565.95,0.0,0,range,0.42,waiting_for_entry
2026-05-30T13:45:30.445868+00:00,BTC/USD,73643.3735,OUT,0.310895,-0.004577,0.033333,1.9e-05,98565.96,0.0,0,range,0.42,waiting_for_entry
2026-05-30T13:45:39.219081+00:00,SOL/USD,82.2775,OUT,0.320989,0.01355,0.046559,6.9e-05,98565.96,0.0,0,range,0.42,waiting_for_entry
2026-05-30T13:45:55.137131+00:00,DOGE/USD,0.1007,OUT,0.343742,0.008742,0.052712,2.8e-05,98565.96,0.0,0,range,0.42,waiting_for_entry
2026-05-30T17:11:01.069661+00:00,BTC/USD,73783.2435,OUT,0.323029,0.035537,0.044534,1.9e-05,98565.99,0.0,0,range,0.42,waiting_for_entry
2026-05-30T17:11:10.157812+00:00,SOL/USD,82.7048,OUT,0.346232,0.062996,0.04845,6.9e-05,98565.99,0.0,0,range,0.42,waiting_for_entry
2026-05-30T17:11:28.856994+00:00,DOGE/USD,0.101209,OUT,0.375878,0.082862,0.06349,2.8e-05,98565.99,0.0,0,range,0.42,waiting_for_entry
2026-05-30T21:02:08.818587+00:00,BTC/USD,73880.5,OUT,0.313087,-0.06938,0.019313,1.9e-05,98566.0,0.0,0,range,0.42,waiting_for_entry
2026-05-30T21:02:16.308128+00:00,SOL/USD,82.835,OUT,0.36173,0.076186,0.046875,6.9e-05,98566.0,0.0,0,range,0.42,waiting_for_entry
2026-05-30T21:02:37.926591+00:00,DOGE/USD,0.101165,OUT,0.372132,0.029615,0.064314,2.8e-05,98566.0,0.0,0,range,0.42,waiting_for_entry
2026-05-31T04:06:55.027468+00:00,BTC/USD,74041.82,OUT,0.341382,-0.083085,0.020478,1.9e-05,98566.05,0.0,0,range,0.42,waiting_for_entry
2026-05-31T04:07:02.192544+00:00,SOL/USD,83.089,OUT,0.378853,0.06273,0.035461,6.9e-05,98566.05,0.0,0,range,0.42,waiting_for_entry
2026-05-31T04:07:23.690673+00:00,DOGE/USD,0.101158,OUT,0.37322,-0.001382,0.052552,2.8e-05,98566.05,0.0,0,range,0.42,waiting_for_entry
2026-05-31T09:50:17.330225+00:00,BTC/USD,73876.8,OUT,0.346072,-0.045316,0.029532,1.9e-05,98566.02,0.0,0,range,0.35,waiting_for_entry
2026-05-31T09:50:29.066804+00:00,SOL/USD,82.8862,OUT,0.361825,-0.009978,0.035635,6.9e-05,98566.02,0.0,0,range,0.35,waiting_for_entry
2026-05-31T09:50:49.718674+00:00,DOGE/USD,0.1006,OUT,0.369068,0.014941,0.049715,2.8e-05,98566.02,0.0,0,range,0.35,waiting_for_entry
2026-05-31T10:18:48.619477+00:00,BTC/USD,73713.8465,OUT,0.370302,0.141826,0.028497,1.9e-05,98565.97,0.0,0,range,0.35,waiting_for_entry
2026-05-31T10:18:57.142688+00:00,SOL/USD,82.61265,OUT,0.380858,0.082388,0.060456,6.9e-05,98565.97,0.0,0,range,0.35,waiting_for_entry
2026-05-31T10:19:16.595173+00:00,DOGE/USD,0.100287,OUT,0.368172,0.053146,0.050654,2.8e-05,98565.97,0.0,0,range,0.35,waiting_for_entry
2026-05-31T10:22:43.224885+00:00,BTC/USD,73684.612,OUT,0.359362,0.1407,0.028497,1.9e-05,98565.97,0.0,0,range,0.35,waiting_for_entry
2026-05-31T10:22:55.529417+00:00,SOL/USD,82.4444,OUT,0.386549,0.127916,0.060456,6.9e-05,98565.97,0.0,0,range,0.35,waiting_for_entry
2026-05-31T10:23:17.297267+00:00,DOGE/USD,0.10016,OUT,0.371161,0.065297,0.055998,2.8e-05,98565.97,0.0,0,range,0.35,waiting_for_entry
2026-05-31T12:04:19.190987+00:00,BTC/USD,73797.555,OUT,0.353124,0.101744,0.039444,1.9e-05,98565.98,0.0,0,range,0.35,waiting_for_entry
2026-05-31T12:04:33.204862+00:00,SOL/USD,82.4535,BUY,0.38018,0.111841,0.036572,351.451401,98565.98,0.0,1,range,0.35,entry
2026-05-31T12:04:55.446440+00:00,DOGE/USD,0.100506,OUT,0.376073,0.051606,0.047492,2.8e-05,98565.98,0.0,0,range,0.35,skip_max_portfolio_limit
2026-05-31T13:50:27.096542+00:00,BTC/USD,73732.9,OUT,0.37391,0.126547,0.03169,1.9e-05,98525.45,0.0,0,range,0.35,waiting_for_entry
2026-05-31T13:50:35.988695+00:00,SOL/USD,82.678,HOLD,0.343548,-0.051475,0.05995,350.678277,98525.45,0.0,0,range,0.35,shadow_holding
2026-05-31T13:50:50.399887+00:00,DOGE/USD,0.100792,OUT,0.367357,-0.075246,0.064466,2.8e-05,98525.45,0.0,0,range,0.35,skip_max_portfolio_limit
2026-05-31T17:10:00.907593+00:00,BTC/USD,73433.925,OUT,0.347243,-0.067966,0.056968,1.9e-05,98133.23,0.0,0,range,0.35,waiting_for_entry
2026-05-31T17:10:11.600302+00:00,SOL/USD,81.43,SELL,0.325363,-0.016058,0.061628,350.678277,98133.23,0.0,1,range,0.35,PROFIT_LOCK_1.51%
2026-05-31T17:10:28.124850+00:00,DOGE/USD,0.09916,OUT,0.34608,0.002878,0.06263,2.8e-05,98133.23,0.0,0,range,0.35,waiting_for_entry
